INSERT INTO Vetement (nVet,type,taille,couleur,prix) VALUES (1,'pantalon','XL','bleu',12);
INSERT INTO Vetement (nVet,type,taille,couleur,prix) VALUES (2,'pantalon','L','noire',70);
INSERT INTO Vetement (nVet,type,taille,couleur,prix) VALUES (3,'pantalon','XL','blanc',81);
INSERT INTO Vetement (nVet,type,taille,couleur,prix) VALUES (4,'pantalon','M','gris',60);
INSERT INTO Vetement (nVet,type,taille,couleur,prix) VALUES (5,'pantalon','S','noire',30);
INSERT INTO Vetement (nVet,type,taille,couleur,prix) VALUES (6,'pantalon','M','blanc',60);
INSERT INTO Vetement (nVet,type,taille,couleur,prix) VALUES (7,'pantalon','XL','gris',40);
INSERT INTO Vetement (nVet,type,taille,couleur,prix) VALUES (8,'jupe','S','bleu',30);
INSERT INTO Vetement (nVet,type,taille,couleur,prix) VALUES (9,'jupe','L','noire',70);
INSERT INTO Vetement (nVet,type,taille,couleur,prix) VALUES (10,'jupe','XL','blanc',30);
INSERT INTO Vetement (nVet,type,taille,couleur,prix) VALUES (11,'jupe','L','blanc',44);
INSERT INTO Vetement (nVet,type,taille,couleur,prix) VALUES (12,'jupe','S','blanc',46);
INSERT INTO Vetement (nVet,type,taille,couleur,prix) VALUES (13,'jupe','S','gris',57);
INSERT INTO Vetement (nVet,type,taille,couleur,prix) VALUES (14,'veste','L','gris',23);
INSERT INTO Vetement (nVet,type,taille,couleur,prix) VALUES (15,'veste','M','noire',20);
INSERT INTO Vetement (nVet,type,taille,couleur,prix) VALUES (16,'veste','XL','jaune',90);
INSERT INTO Vetement (nVet,type,taille,couleur,prix) VALUES (17,'jupe','XL','rose vif',91);
INSERT INTO Vetement (nVet,type,taille,couleur,prix) VALUES (18,'pantalon','L','rose pale',89);
INSERT INTO Vetement (nVet,type,taille,couleur,prix) VALUES (19,'veste','M','vieux rose',69);
INSERT INTO Vetement (nVet,type,taille,couleur,prix) VALUES (20,'veste','S','vieux rose',59);

INSERT INTO Boutique (nBout,adr,villeBout) VALUES (1,'rue de rivoli','paris');
INSERT INTO Boutique (nBout,adr,villeBout) VALUES (2,'rue de commerce','paris');
INSERT INTO Boutique (nBout,adr,villeBout) VALUES (3,'rue de rennes','paris');
INSERT INTO Boutique (nBout,adr,villeBout) VALUES (4,'avenue champs elysee','paris');
INSERT INTO Boutique (nBout,adr,villeBout) VALUES (5,'rue chavanne','lyon');

INSERT INTO Stock (nBout,nVet,qtteStock) VALUES (1,1,10);
INSERT INTO Stock (nBout,nVet,qtteStock) VALUES (1,3,9);
INSERT INTO Stock (nBout,nVet,qtteStock) VALUES (1,4,1);
INSERT INTO Stock (nBout,nVet,qtteStock) VALUES (1,7,20);
INSERT INTO Stock (nBout,nVet,qtteStock) VALUES (2,2,10);
INSERT INTO Stock (nBout,nVet,qtteStock) VALUES (2,3,8);
INSERT INTO Stock (nBout,nVet,qtteStock) VALUES (2,19,2);
INSERT INTO Stock (nBout,nVet,qtteStock) VALUES (2,18,20);
INSERT INTO Stock (nBout,nVet,qtteStock) VALUES (3,9,12);
INSERT INTO Stock (nBout,nVet,qtteStock) VALUES (3,8,5);
INSERT INTO Stock (nBout,nVet,qtteStock) VALUES (3,6,3);
INSERT INTO Stock (nBout,nVet,qtteStock) VALUES (3,5,20);
INSERT INTO Stock (nBout,nVet,qtteStock) VALUES (4,11,12);
INSERT INTO Stock (nBout,nVet,qtteStock) VALUES (4,12,91);
INSERT INTO Stock (nBout,nVet,qtteStock) VALUES (4,14,16);
INSERT INTO Stock (nBout,nVet,qtteStock) VALUES (4,15,2);
INSERT INTO Stock (nBout,nVet,qtteStock) VALUES (4,16,1);
INSERT INTO Stock (nBout,nVet,qtteStock) VALUES (4,17,19);
INSERT INTO Stock (nBout,nVet,qtteStock) VALUES (4,3,10);
INSERT INTO Stock (nBout,nVet,qtteStock) VALUES (4,5,20);
INSERT INTO Stock (nBout,nVet,qtteStock) VALUES (5,10,12);
INSERT INTO Stock (nBout,nVet,qtteStock) VALUES (5,2,4);
INSERT INTO Stock (nBout,nVet,qtteStock) VALUES (5,4,3);
INSERT INTO Stock (nBout,nVet,qtteStock) VALUES (5,3,2);

INSERT INTO Client (nCli,nom,dateNaiss,villeCli) VALUES (1,'Dupont','2001/01/23','paris');
INSERT INTO Client (nCli,nom,dateNaiss,villeCli) VALUES (2,'Martin','1980/04/12','cergy');
INSERT INTO Client (nCli,nom,dateNaiss,villeCli) VALUES (3,'Bernard','1990/05/28','pontoise');
INSERT INTO Client (nCli,nom,dateNaiss,villeCli) VALUES (4,'Thomas','1988/10/14','antony');
INSERT INTO Client (nCli,nom,dateNaiss,villeCli) VALUES (5,'Petit','1991/12/23','paris');
INSERT INTO Client (nCli,nom,dateNaiss,villeCli) VALUES (6,'Robert','1992/01/11','cergy');
INSERT INTO Client (nCli,nom,dateNaiss,villeCli) VALUES (7,'Richard','1981/12/19','lyon');
INSERT INTO Client (nCli,nom,dateNaiss,villeCli) VALUES (8,'Durand','1975/08/20','marseille');
INSERT INTO Client (nCli,nom,dateNaiss,villeCli) VALUES (9,'Dubois','1970/06/21','nice');

INSERT INTO Achat (nCli,nVet,nBout,dateAchat,qtteAchat) VALUES (1,1,4,'2020/01/21',5);
INSERT INTO Achat (nCli,nVet,nBout,dateAchat,qtteAchat) VALUES (1,15,5,'2020/02/23',4);
INSERT INTO Achat (nCli,nVet,nBout,dateAchat,qtteAchat) VALUES (1,4,1,'2017/08/16',3);
INSERT INTO Achat (nCli,nVet,nBout,dateAchat,qtteAchat) VALUES (1,7,2,'42016/02/27',7);
INSERT INTO Achat (nCli,nVet,nBout,dateAchat,qtteAchat) VALUES (1,9,2,'2016/02/27',5);
INSERT INTO Achat (nCli,nVet,nBout,dateAchat,qtteAchat) VALUES (1,12,3,'2016/02/27',3);
INSERT INTO Achat (nCli,nVet,nBout,dateAchat,qtteAchat) VALUES (2,1,4,'2020/10/28',5);
INSERT INTO Achat (nCli,nVet,nBout,dateAchat,qtteAchat) VALUES (2,3,2,'2020/12/29',4);
INSERT INTO Achat (nCli,nVet,nBout,dateAchat,qtteAchat) VALUES (2,4,3,'2010/07/03',3);
INSERT INTO Achat (nCli,nVet,nBout,dateAchat,qtteAchat) VALUES (2,15,3,'2019/08/23',7);
INSERT INTO Achat (nCli,nVet,nBout,dateAchat,qtteAchat) VALUES (2,3,4,'2019/02/21',5);
INSERT INTO Achat (nCli,nVet,nBout,dateAchat,qtteAchat) VALUES (2,2,1,'2016/01/27',4);
INSERT INTO Achat (nCli,nVet,nBout,dateAchat,qtteAchat) VALUES (2,7,2,'2020/09/09',3);
INSERT INTO Achat (nCli,nVet,nBout,dateAchat,qtteAchat) VALUES (2,8,3,'2018/10/20',7);
INSERT INTO Achat (nCli,nVet,nBout,dateAchat,qtteAchat) VALUES (3,15,4,'2020/11/14',5);
INSERT INTO Achat (nCli,nVet,nBout,dateAchat,qtteAchat) VALUES (3,2,1,'2018/12/19',4);
INSERT INTO Achat (nCli,nVet,nBout,dateAchat,qtteAchat) VALUES (4,7,2,'2019/11/18',3);
INSERT INTO Achat (nCli,nVet,nBout,dateAchat,qtteAchat) VALUES (5,17,3,'2018/12/11',7);
INSERT INTO Achat (nCli,nVet,nBout,dateAchat,qtteAchat) VALUES (6,18,1,'2018/09/12',7);
INSERT INTO Achat (nCli,nVet,nBout,dateAchat,qtteAchat) VALUES (7,19,2,'2019/07/01',7);
INSERT INTO Achat (nCli,nVet,nBout,dateAchat,qtteAchat) VALUES (8,20,3,'2019/02/01',7);
INSERT INTO Achat (nCli,nVet,nBout,dateAchat,qtteAchat) VALUES (9,8,5,'2018/03/10',7);